{
  "seed": 42,
  "n_train": 480000,
  "n_val": 60000,
  "n_test": 60000,
  "lr_baseline": {
    "auc": 0.7161880538759628,
    "logloss": 0.1769366080652792
  },
  "gbdt": {
    "auc": 0.7150175364953307,
    "logloss": 0.2742205211775782,
    "ece_before_calibration": 0.14672583024084973
  },
  "calibration": {
    "ece_after_calibration": 0.001800527504703206,
    "reliability_curve_raw": {
      "mean_predicted": [
        0.09626935554750743,
        0.15125141792958632,
        0.24069564960308126,
        0.34453238418919524,
        0.43332550877842074,
        0.5402790388997968,
        0.6094028229208766,
        null,
        null,
        null
      ],
      "mean_actual": [
        0.012195121951219513,
        0.026684110488509293,
        0.0642798353909465,
        0.11535068372298192,
        0.18790968681718864,
        0.30440414507772023,
        0.5,
        null,
        null,
        null
      ],
      "counts": [
        656,
        40511,
        12150,
        4534,
        1373,
        772,
        4,
        0,
        0,
        0
      ]
    },
    "reliability_curve_calibrated": {
      "mean_predicted": [
        0.037694598897035796,
        0.13455834961701396,
        0.23557080390664475,
        0.3668810647821878,
        0.4328544710650136,
        0.5127315746404546,
        null,
        null,
        null,
        0.9737195694949019
      ],
      "mean_actual": [
        0.0370397164146712,
        0.14178082191780822,
        0.20860927152317882,
        0.3962962962962963,
        1.0,
        0.4,
        null,
        null,
        null,
        0.5
      ],
      "counts": [
        55292,
        2920,
        1510,
        270,
        1,
        5,
        0,
        0,
        0,
        2
      ]
    }
  },
  "ndcg_at_10": {
    "gbdt": 0.20169173693989512,
    "popularity_baseline": 0.16559186956326352,
    "n_users_evaluated": 1374,
    "n_negatives_per_user": 100
  },
  "retrieval": {
    "backend": "faiss",
    "k": 200,
    "recall_at_k": 0.10559478932841376,
    "n_users_evaluated": 1374
  },
  "auction_sim": {
    "uncalibrated": {
      "impressions_won": 56068,
      "total_spend": 31782.786491174164,
      "true_value_generated": 7892.954314637673,
      "roi": -0.7516594614248349
    },
    "calibrated": {
      "impressions_won": 19609,
      "total_spend": 5503.530622503737,
      "true_value_generated": 5375.639384316364,
      "roi": -0.023238035174080764
    }
  },
  "runtime_seconds": 6.7
}